prenom,nom,age
tata,toto,16
Emile,Deballon,34
tata,toto,16
Emile,Deballon,34
tata,toto,16
Emile,Deballon,34
tata,toto,16
Emile,Deballon,34
tata,toto,16
Emile,Deballon,34
tata,toto,16
Emile,Deballon,34
tata,toto,16
Emile,Deballon,34
tata,toto,16
Emile,Deballon,34
tata,toto,16
Emile,Deballon,34
tata,toto,16
Emile,Deballon,34
tata,toto,16
Emile,Deballon,34
tata,toto,16
Emile,Deballon,34
tata,toto,16
Emile,Deballon,34
tata,toto,16
Emile,Deballon,34
tata,toto,16
Emile,Deballon,34
tata,toto,16
Emile,Deballon,34
tata,toto,16
Emile,Deballon,34
